{
    "@class": "com.kony.gen.viz.model.component.KVizUserWidget",
    "DNDConfig": null,
    "__parentReadjusting__": false,
    "_children_": [],
    "_height_": {
        "type": "string",
        "value": "100%"
    },
    "_left_": {
        "type": "string",
        "value": "0dp"
    },
    "_margin_": [
        0,
        0,
        0,
        0
    ],
    "_orientation_": 1,
    "_padding_": [
        0,
        0,
        0,
        0
    ],
    "_percent_": true,
    "_skin_": "s59f133c83ca499fbcf9da92f91f637d",
    "_top_": {
        "type": "string",
        "value": "0dp"
    },
    "_width_": {
        "type": "string",
        "value": "100%"
    },
    "canUpdateUI": true,
    "clipbounds": true,
    "containerweight": 0,
    "data": {
        "ide_onCompletion": "AS_UWI_d4a5afa3b5f748dcb89d100cf49735af",
        "ide_onDismiss": "AS_UWI_ec263bbb97504407851b82c4ad7953a8",
        "thankyouMessage": "Thank You for your valuable rating."
    },
    "enablescrolling": true,
    "id": "ratingprompt",
    "info": null,
    "iscustomlayout": false,
    "isvisible": true,
    "kuid": "b3930eff5aeb459d950bb982a51e8b81",
    "layouttype": 2,
    "masterType": 1,
    "name": "kony.ui.UserWidgetInstance",
    "parent": "frmRatingPrompt",
    "pf": "frmRatingPrompt",
    "retaincontentalignment": false,
    "retainflexpositionproperties": false,
    "snapgridsize": 10,
    "snaptogrid": true,
    "sourceUserWidget": "ub7d7fbd79a44450aa47e7b2503fdc19",
    "wType": "UserWidgetInstance"
}