{
    "android": {
        "font_size": 121, 
        "isForked": false
    }, 
    "background_color": "f9f9f9ff", 
    "bg_type": "one", 
    "border_color": "c7c7cdff", 
    "border_radius": 2, 
    "border_style": "custom", 
    "border_type": 0, 
    "border_width": 2, 
    "desktopweb": {
        "font_size": 121, 
        "isForked": false
    }, 
    "fontSizeInPx": false, 
    "font_color": "555555ff", 
    "font_name": "Helvetica", 
    "font_size": 121, 
    "font_style": "normal", 
    "font_weight": "normal", 
    "ipad": {
        "font_size": 121, 
        "isForked": false
    }, 
    "iphone": {
        "font_name": "OpenSans-Regular", 
        "font_size": 121, 
        "isForked": false
    }, 
    "isDefaultSkin": false, 
    "kiosk": {
        "font_size": 121, 
        "isForked": false
    }, 
    "kuid": "s987190672bd417785a17de6ca1f4657", 
    "spaan": {
        "font_size": 121, 
        "isForked": false
    }, 
    "spaandroidtablet": {
        "font_size": 121, 
        "isForked": false
    }, 
    "spabb": {
        "font_size": 121, 
        "isForked": false
    }, 
    "spaip": {
        "font_size": 121, 
        "isForked": false
    }, 
    "spaipad": {
        "font_size": 121, 
        "isForked": false
    }, 
    "spawindowstablet": {
        "font_size": 121, 
        "isForked": false
    }, 
    "spawinphone8": {
        "font_size": 121, 
        "isForked": false
    }, 
    "tabrcandroid": {
        "font_size": 121, 
        "isForked": false
    }, 
    "wType": "TextArea", 
    "watchos": {
        "font_size": 121, 
        "isForked": false
    }, 
    "windows8": {
        "font_size": 121, 
        "isForked": false
    }, 
    "winphone8": {
        "font_size": 121, 
        "isForked": false
    }
}