{
    "@class": "com.kony.gen.viz.model.component.KVizImage2",
    "DNDConfig": null,
    "__parentReadjusting__": false,
    "_base64_": null,
    "_height_": {
        "type": "string",
        "value": "13.79%"
    },
    "_left_": {
        "type": "string",
        "value": "37.87%"
    },
    "_margin_": [
        0,
        0,
        0,
        0
    ],
    "_padding_": [
        0,
        0,
        0,
        0
    ],
    "_skin_": "sd70f81bf5424eed8da7254b6bbcbd57",
    "_src_": "konymp_rp03_app_icon.png",
    "_top_": {
        "type": "string",
        "value": "20.39%"
    },
    "_width_": {
        "type": "string",
        "value": "24.53%"
    },
    "canUpdateUI": true,
    "containerweight": 100,
    "context": {
        "channel": "mobile",
        "formID": "uwu81b472381314b5e840f4c5951af4ec2",
        "platform": "android",
        "templateType": "userwidgets",
        "topLevelBox": null
    },
    "id": "imgLogo",
    "imagescalemode": 1,
    "info": null,
    "isvisible": true,
    "kuid": "ue55b987fdfe4ac49b437210814c5cd4",
    "name": "kony.ui.Image2",
    "parent": "flxOverlay",
    "pf": "userwidgetmodel",
    "srcType": 1,
    "wType": "Image",
    "widgetalignment": 5,
    "zindex": 1
}