{
    "@class": "com.kony.gen.viz.model.container.KVizForm",
    "DNDConfig": null,
    "_margin_": [
        0,
        0,
        0,
        0
    ],
    "_orientation_": 1,
    "_padding_": [
        0,
        0,
        0,
        0
    ],
    "_percent_": true,
    "_skin_": "s4ef335dcb57417c945e8459fb0ecdeb",
    "_title_": null,
    "addWidgetsdone": false,
    "allboxes": [],
    "canUpdateUI": true,
    "canvasWidth": 1200,
    "children": [
        "ratingprompt"
    ],
    "containerweight": 100,
    "currentLocale": "default",
    "device": "GalaxyNote",
    "displayorientation": 3,
    "enabledforidletimeout": false,
    "globalUserWidgetRefs": [
        "ue8b08c5d81e4a22886661d3b7921e65"
    ],
    "id": "userwidgetmodel",
    "info": null,
    "initdone": false,
    "inputaccessoryviewtype": 4,
    "intransitionconfig": {
        "formTransition": "None"
    },
    "isvisible": true,
    "kuid": "u81b472381314b5e840f4c5951af4ec2",
    "layouttype": 2,
    "masterType": 1,
    "name": "kony.ui.Form2",
    "needappmenu": true,
    "outtransitionconfig": {
        "formTransition": "None"
    },
    "paddinginpixel": false,
    "platform": "android",
    "prevDevice": "iPhoneX",
    "prevPlatform": "iphone",
    "retainscrollposition": false,
    "shellCSS": "and_GalaxyNote",
    "titleBarSkin": "s4ef335dcb57417c945e8459fb0ecdeb",
    "titlebar": true,
    "type": 3,
    "wType": "Form"
}