<?xml version="1.0" encoding="UTF-8" standalone="yes"?>
<plugins>
    <pluginInfo version-no="8.3.14.v201812281516" plugin-id="com.kony.ide.paas.branding" plugin-name="Branding"/>
    <pluginInfo version-no="8.3.13.v201812241225" plugin-id="com.pat.tool.keditor" plugin-name="Kony Studio"/>
    <pluginInfo version-no="8.3.12.v201812151332" plugin-id="com.kony.thirdparty.jars" plugin-name="Third Party Jars Plug-in"/>
    <pluginInfo version-no="8.3.12.v201812151332" plugin-id="com.pat.soapui" plugin-name="Soap UI Plugin"/>
    <pluginInfo version-no="8.3.9.v201811291559" plugin-id="com.kony.codegen" plugin-name="Kony Codegenerator"/>
    <pluginInfo version-no="8.3.12.v201812151332" plugin-id="com.kony.license" plugin-name="Kony Studio Licensing"/>
    <pluginInfo version-no="8.3.1.GA_v201812210921_r4" plugin-id="com.kony.cloudmiddleware" plugin-name="CloudMiddlewarePlugin"/>
    <pluginInfo version-no="8.3.1.GA_v201812210921_r4" plugin-id="com.kony.cloudthirdparty" plugin-name="CloudThirdPartyPlugin"/>
    <pluginInfo version-no="8.2.0.v201804042035" plugin-id="com.kony.viz.ide" plugin-name="Visualizer Integration Plugin"/>
    <pluginInfo version-no="8.0.0.v201709081322" plugin-id="com.kony.studio.cloud" plugin-name="Kony Studio Cloud Integration"/>
    <pluginInfo version-no="8.3.0.v201809181524" plugin-id="com.kony.fpreview" plugin-name="Kony Functional Preview Plugin"/>
    <pluginInfo version-no="8.3.14.v201812271505" plugin-id="com.kony.studio.viz.api" plugin-name="StudioViz API"/>
    <pluginInfo version-no="8.3.14.v201812271505" plugin-id="com.kony.studio.viz.chrome.api" plugin-name="StudioViz Chrome API"/>
    <pluginInfo version-no="8.3.14.v201812271505" plugin-id="com.kony.studio.viz.chrome.win64" plugin-name="StudioViz Chrome"/>
    <pluginInfo version-no="8.3.14.v201812271505" plugin-id="com.kony.studio.viz.core.win64" plugin-name="StudioViz Core"/>
    <pluginInfo version-no="8.3.14.v201812271505" plugin-id="com.kony.studio.viz.nodejs.win64" plugin-name="StudioViz NodeJS"/>
    <pluginInfo version-no="8.3.11.v201812131319" plugin-id="com.kony.reference.architecture" plugin-name="Reference Architecture"/>
    <pluginInfo version-no="8.3.13.v201812191349" plugin-id="com.pat.tabrcandroid" plugin-name="Tablet Android"/>
    <pluginInfo version-no="8.3.0.v201808301756" plugin-id="com.kony.windowsphone8" plugin-name="Windows Phone 8 Plug-in"/>
    <pluginInfo version-no="8.3.5.v201810311219" plugin-id="com.kony.windows8" plugin-name="Windows 8.1 Plug-in"/>
    <pluginInfo version-no="8.3.14.v201812281225" plugin-id="com.kony.windows10" plugin-name="Windows 10 Plug-in"/>
    <pluginInfo version-no="8.3.13.v201812191349" plugin-id="com.pat.android" plugin-name="Android"/>
    <pluginInfo version-no="8.3.1.v201810041622" plugin-id="com.kony.windows" plugin-name="Windows Desktop Plug-in"/>
    <pluginInfo version-no="8.3.13.v201812201418" plugin-id="com.kony.spa" plugin-name="SPA"/>
    <pluginInfo version-no="8.3.11.v201812131223" plugin-id="com.kony.desktopweb" plugin-name="Kony Desktop Web"/>
    <pluginInfo version-no="8.3.10.201812041503" plugin-id="com.kony.webcommons" plugin-name="Kony Web Commons"/>
    <pluginInfo version-no="8.3.11.v201812122118" plugin-id="com.kony.ios" plugin-name="iOS Plugin"/>
    <pluginInfo version-no="8.3.10.v201812042032" plugin-id="com.kony.mobile.fabric.client.sdk" plugin-name="MobileFabric Client SDK"/>
</plugins>
