{
    "APPLICATION_THEME": "default",
    "appaddrkey": "",
    "appidkey": "ReviewApp",
    "appnamekey": "ReviewApp",
    "apppackagekey": "",
    "appversionkey": "1.0.0",
    "build": "debug",
    "category": "app",
    "createdVizVersion": "8.3.4",
    "createdgaversion": "8.3.4",
    "currentgaversion": "8.3.4",
    "enableCustomData": false,
    "enableProgressiveWeb": false,
    "enableResponsive": true,
    "enableasyncdesktopweb": true,
    "enableasyncspa": true,
    "isDeveloperMode": "true",
    "isDpScaleFactor": true,
    "isMVC": true,
    "isNewAppWithRespectToAndroidPackageName": "",
    "konyVizVersion": "8.3.4",
    "mastersProperties": {
        "mastersVersion": "2.0.0"
    },
    "mwaddrkey": "",
    "mwhttpsportkey": "",
    "mwportkey": "",
    "project.type": "js",
    "project_version": "sprint32",
    "referenceWidth": "375",
    "startupformkey": "eae129edc0374b2daaa727daffda136f",
    "vendornamekey": "KonyLabs",
    "winmobileguidkey": "",
    "defaulttheme": "defaultTheme",
    "cloud_account_guid": "147abad9-e5d0-4108-ab0b-70743455dc49",
    "nativeContainerProperties": {
        "isEnableJSContainerAndroid": true,
        "isModified": true,
        "isEnableJSContaineriOS": true,
        "isEnableJSContainer": true
    },
    "appmenu": {
        "tablet": {
            "data": [
                {
                    "windows8": {
                        "appBarButtonStyle": "No Style",
                        "position": "BOTTOM_LEFT"
                    },
                    "android": {
                        "showAsFlag": 0
                    },
                    "kuid": "dbbf4e24b949424db951c4ee38c60e80",
                    "icon": {
                        "default": "option1.png"
                    },
                    "id": "appmenuitemid1",
                    "title": "Item 1"
                },
                {
                    "windows8": {
                        "appBarButtonStyle": "No Style",
                        "position": "BOTTOM_LEFT"
                    },
                    "android": {
                        "showAsFlag": 0
                    },
                    "kuid": "e6df33e333bb43dd9ba2ac5e4dca6c95",
                    "icon": {
                        "default": "option2.png"
                    },
                    "id": "appmenuitemid2",
                    "title": "Item 2"
                },
                {
                    "windows8": {
                        "appBarButtonStyle": "No Style",
                        "position": "BOTTOM_LEFT"
                    },
                    "android": {
                        "showAsFlag": 0
                    },
                    "kuid": "d7378707853d4f589576e9e1ead6aebf",
                    "icon": {
                        "default": "option3.png"
                    },
                    "id": "appmenuitemid3",
                    "title": "Item 3"
                },
                {
                    "windows8": {
                        "appBarButtonStyle": "No Style",
                        "position": "BOTTOM_LEFT"
                    },
                    "android": {
                        "showAsFlag": 0
                    },
                    "kuid": "i69bfd4badec4b71baf9aa5cc1b2432a",
                    "icon": {
                        "default": "option4.png"
                    },
                    "id": "appmenuitemid4",
                    "title": "Item 4"
                }
            ]
        },
        "desktop": {
            "data": [
                {
                    "kuid": "b580d7f587ee419a804fd01a517021e7",
                    "icon": {
                        "default": "option1.png"
                    },
                    "id": "appmenuitemid1",
                    "title": "Item 1"
                },
                {
                    "kuid": "dd53683118a342afb89224994b45e1f3",
                    "icon": {
                        "default": "option2.png"
                    },
                    "id": "appmenuitemid2",
                    "title": "Item 2"
                },
                {
                    "kuid": "dd0c84a0e24142cd991eb8e84338ada1",
                    "icon": {
                        "default": "option3.png"
                    },
                    "id": "appmenuitemid3",
                    "title": "Item 3"
                },
                {
                    "kuid": "c5f850ccb7c44f3aa15877a8864d09d6",
                    "icon": {
                        "default": "option4.png"
                    },
                    "id": "appmenuitemid4",
                    "title": "Item 4"
                }
            ]
        },
        "focusskin": null,
        "osVersion": "iOS7",
        "wType": "Appmenu",
        "focusSkin": null,
        "mobile": {
            "data": [
                {
                    "kuid": "d6c71b93dbbd433a9a5492a7d84b65bd",
                    "android": {
                        "showAsFlag": 0
                    },
                    "icon": {
                        "default": "option1.png"
                    },
                    "id": "appmenuitemid1",
                    "title": "Item 1"
                },
                {
                    "kuid": "ab00ad3c14da41cbb904e63754e825f9",
                    "android": {
                        "showAsFlag": 0
                    },
                    "icon": {
                        "default": "option2.png"
                    },
                    "id": "appmenuitemid2",
                    "title": "Item 2"
                },
                {
                    "kuid": "d92fc61905434b33adf04a95579e7f94",
                    "android": {
                        "showAsFlag": 0
                    },
                    "icon": {
                        "default": "option3.png"
                    },
                    "id": "appmenuitemid3",
                    "title": "Item 3"
                },
                {
                    "kuid": "cbfcc288da584c8abae6f01a70951b35",
                    "android": {
                        "showAsFlag": 0
                    },
                    "icon": {
                        "default": "option4.png"
                    },
                    "id": "appmenuitemid4",
                    "title": "Item 4"
                }
            ]
        },
        "skin": null,
        "osPlatform": ""
    },
    "export.type": "studioviz"
}