{
    "AS_Form_de5e122c7db2423dbfafc1dd9147a24a": {
        "id": "AS_Form_de5e122c7db2423dbfafc1dd9147a24a",
        "type": "ACTION_SEQUENCE",
        "params": [{
            "datatype": "collection",
            "name": "eventobject"
        }],
        "contextObj": {
            "name": "frmRatingPrompt",
            "type": "forms",
            "platform": null,
            "KUID": "eae129edc0374b2daaa727daffda136f"
        },
        "language": "js",
        "actions": [{
            "id": "ADD_SNIPPET__bf34cfcfd5a64308a3ef548c5355b1fa",
            "type": "ADD_SNIPPET",
            "codeSnippet": "this.view.ratingprompt.invokeRatingPrompt();",
            "parentId": null,
            "callbackType": null
        }]
    }
}