{
    "AS_UWI_d4a5afa3b5f748dcb89d100cf49735af": {
        "id": "AS_UWI_d4a5afa3b5f748dcb89d100cf49735af",
        "type": "ACTION_SEQUENCE",
        "params": [],
        "contextObj": {
            "name": "frmRatingPrompt",
            "type": "forms",
            "platform": null,
            "KUID": "eae129edc0374b2daaa727daffda136f"
        },
        "language": "js",
        "actions": [{
            "id": "ADD_SNIPPET__h6000e60b4e2498eaf6b4858da80ef93",
            "type": "ADD_SNIPPET",
            "codeSnippet": "kony.application.exitLibrary();",
            "parentId": null,
            "callbackType": null
        }]
    }
}