{
    "AS_UWI_ec263bbb97504407851b82c4ad7953a8": {
        "id": "AS_UWI_ec263bbb97504407851b82c4ad7953a8",
        "type": "ACTION_SEQUENCE",
        "params": [],
        "contextObj": {
            "name": "frmRatingPrompt",
            "type": "forms",
            "platform": null,
            "KUID": "eae129edc0374b2daaa727daffda136f"
        },
        "language": "js",
        "actions": [{
            "id": "ADD_SNIPPET__ea7d6801577345129574f58dbd0e4da3",
            "type": "ADD_SNIPPET",
            "codeSnippet": "kony.application.exitLibrary();",
            "parentId": null,
            "callbackType": null
        }]
    }
}