{
    "classname": "ratingprompt",
    "definitions": {
        "apis": {
            "custom": [
                {
                    "kuid": "a38610b1f8d54f6fbb5f1979f2c9a621",
                    "paramList": [],
                    "propertyKey": "invokeRatingPrompt",
                    "pw": {
                        "displayName": "invokeRatingPrompt",
                        "uiRepresentation": "Label-Label-Right"
                    },
                    "type": "api"
                },
                {
                    "kuid": "c2d3816c29be4f25975bc9f61786942a",
                    "paramList": [],
                    "propertyKey": "getFeedbackText",
                    "pw": {
                        "displayName": "getFeedbackText",
                        "uiRepresentation": "Label-Label-Right"
                    },
                    "type": "api"
                },
                {
                    "kuid": "a7cd8f5cd7eb4b6dafd2876288c04894",
                    "paramList": [],
                    "propertyKey": "getRatingValue",
                    "pw": {
                        "displayName": "getRatingValue",
                        "uiRepresentation": "Label-Label-Right"
                    },
                    "type": "api"
                }
            ],
            "passthrough": []
        },
        "events": {
            "custom": [
                {
                    "group": "General",
                    "kuid": "a192ee545ad247c2afdb31870584a1fd",
                    "paramList": [],
                    "propertyIndex": 1,
                    "propertyKey": "onDismiss",
                    "pw": {
                        "displayName": "onDismiss",
                        "uiRepresentation": "Label-Label-Button-Button"
                    },
                    "srcWgtKUID": "ub7d7fbd79a44450aa47e7b2503fdc19",
                    "type": "event"
                },
                {
                    "group": "General",
                    "kuid": "db516816bb9342988975fdf0394708f0",
                    "paramList": [],
                    "propertyIndex": 2,
                    "propertyKey": "onCompletion",
                    "pw": {
                        "displayName": "onCompletion",
                        "uiRepresentation": "Label-Label-Button-Button"
                    },
                    "srcWgtKUID": "ub7d7fbd79a44450aa47e7b2503fdc19",
                    "type": "event"
                }
            ],
            "passthrough": []
        },
        "groups": {
            "apis": [],
            "events": [],
            "properties": [
                "Rating Screen",
                "Feedback Screen",
                "Thank you Screen"
            ],
            "widgets": []
        },
        "properties": {
            "custom": [
                {
                    "access": "Write",
                    "defaultValue": "Some text related to Thank You page with short description",
                    "group": "Thank you Screen",
                    "kuid": "a851d5f0849b429bb0aa6e4a7971b71f",
                    "originalPropertyKey": "thankyouMessage",
                    "propertyIndex": 2,
                    "propertyKey": "thankyouMessage",
                    "pw": {
                        "displayName": "Thankyou Message",
                        "uiRepresentation": "Label-Textbox"
                    },
                    "srcWgtKUID": "ub7d7fbd79a44450aa47e7b2503fdc19",
                    "type": "string",
                    "value": ""
                },
                {
                    "access": "Write",
                    "defaultValue": "If you enjoy using the app, would you mind taking a moment to rate it? Thanks for your support!",
                    "group": "Rating Screen",
                    "kuid": "gc5467ffc74e4a9097296355e91c171b",
                    "originalPropertyKey": "rateMessage",
                    "propertyIndex": 4,
                    "propertyKey": "rateMessage",
                    "pw": {
                        "displayName": "Rating Prompt Message",
                        "uiRepresentation": "Label-Textbox"
                    },
                    "srcWgtKUID": "ub7d7fbd79a44450aa47e7b2503fdc19",
                    "type": "string",
                    "value": ""
                },
                {
                    "access": "Write",
                    "defaultValue": "Please Rate our App",
                    "group": "Rating Screen",
                    "kuid": "jb13e2dc7fbd4f259046cfb832211c20",
                    "originalPropertyKey": "rateTitle",
                    "propertyIndex": 5,
                    "propertyKey": "rateTitle",
                    "pw": {
                        "displayName": "Rating Prompt Title",
                        "uiRepresentation": "Label-Textbox"
                    },
                    "srcWgtKUID": "ub7d7fbd79a44450aa47e7b2503fdc19",
                    "type": "string",
                    "value": ""
                },
                {
                    "access": "Write",
                    "defaultValue": true,
                    "group": "Rating Screen",
                    "kuid": "g9c903f04c044ebead5641c2919ffd0b",
                    "originalPropertyKey": "isFeedbackEnabled",
                    "propertyIndex": 8,
                    "propertyKey": "isFeedbackEnabled",
                    "pw": {
                        "displayName": "Enable Feedback",
                        "uiRepresentation": "Label-Radiobuttongroup"
                    },
                    "srcWgtKUID": "ub7d7fbd79a44450aa47e7b2503fdc19",
                    "type": "boolean",
                    "value": "true/false"
                }
            ],
            "passthrough": [
                {
                    "access": "Enable",
                    "group": "Rating Screen",
                    "kuid": "j103ff8faf414115b091f71ee971bac0",
                    "originalPropertyKey": "src",
                    "propertyIndex": 1,
                    "propertyKey": "logoImageSrc",
                    "pw": {
                        "access": "readwrite",
                        "category": "widget",
                        "displayName": "Logo Image",
                        "srcWidget": "imgLogo",
                        "type": "string",
                        "uiConfig": {
                            "Button": {
                                "dataRetrieverId": "Imagelist",
                                "dataUpdaterId": "Imagelist",
                                "popupId": "Imagelist",
                                "type": "ImageEditBtn"
                            },
                            "Label": {}
                        },
                        "uiRepresentation": "Label-Label-Button",
                        "wType": "Image"
                    },
                    "srcWgtKUID": "ue55b987fdfe4ac49b437210814c5cd4"
                },
                {
                    "access": "Enable",
                    "group": "Thank you Screen",
                    "kuid": "a3272ab66b734bee8cb14c14f0fc34d2",
                    "originalPropertyKey": "src",
                    "propertyIndex": 1,
                    "propertyKey": "thankyouImageSrc",
                    "pw": {
                        "access": "readwrite",
                        "category": "widget",
                        "displayName": "Thankyou Image",
                        "srcWidget": "imgCompletion",
                        "type": "string",
                        "uiConfig": {
                            "Button": {
                                "dataRetrieverId": "Imagelist",
                                "dataUpdaterId": "Imagelist",
                                "popupId": "Imagelist",
                                "type": "ImageEditBtn"
                            },
                            "Label": {}
                        },
                        "uiRepresentation": "Label-Label-Button",
                        "wType": "Image"
                    },
                    "srcWgtKUID": "u574698b762d421e85cc155acd756b36"
                },
                {
                    "access": "Enable",
                    "group": "Rating Screen",
                    "kuid": "fdb9fd36da5840089ff9c63cd0a2ae7e",
                    "originalPropertyKey": "src",
                    "propertyIndex": 2,
                    "propertyKey": "selectedRatingImageSrc",
                    "pw": {
                        "access": "readwrite",
                        "category": "widget",
                        "displayName": "Selected Rating Image",
                        "srcWidget": "imgStar1",
                        "type": "string",
                        "uiConfig": {
                            "Button": {
                                "dataRetrieverId": "Imagelist",
                                "dataUpdaterId": "Imagelist",
                                "popupId": "Imagelist",
                                "type": "ImageEditBtn"
                            },
                            "Label": {}
                        },
                        "uiRepresentation": "Label-Label-Button",
                        "wType": "Image"
                    },
                    "srcWgtKUID": "ua1ce0313f2b4e848bff6e96afea56cc"
                },
                {
                    "access": "Enable",
                    "group": "Rating Screen",
                    "kuid": "ge099fba37fe403583d6be1bb5808532",
                    "originalPropertyKey": "src",
                    "propertyIndex": 3,
                    "propertyKey": "unselectedRatingImageSrc",
                    "pw": {
                        "access": "readwrite",
                        "category": "widget",
                        "displayName": "Unselected Rating Image",
                        "srcWidget": "imgStar2",
                        "type": "string",
                        "uiConfig": {
                            "Button": {
                                "dataRetrieverId": "Imagelist",
                                "dataUpdaterId": "Imagelist",
                                "popupId": "Imagelist",
                                "type": "ImageEditBtn"
                            },
                            "Label": {}
                        },
                        "uiRepresentation": "Label-Label-Button",
                        "wType": "Image"
                    },
                    "srcWgtKUID": "u05ba5bf647e4d299efa3d9decedb01a"
                },
                {
                    "access": "Enable",
                    "group": "Thank you Screen",
                    "kuid": "e351f6919b3749ce86e2e3ea13c9c0c2",
                    "originalPropertyKey": "text",
                    "propertyIndex": 3,
                    "propertyKey": "okText",
                    "pw": {
                        "access": "readwrite",
                        "category": "look",
                        "displayName": "OK text",
                        "srcWidget": "lblOK",
                        "type": "string",
                        "uiRepresentation": "Label-Textbox",
                        "wType": "Label"
                    },
                    "srcWgtKUID": "b7e9a3b47a4e40e2b208eb7e021487e3"
                },
                {
                    "access": "Enable",
                    "group": "Rating Screen",
                    "kuid": "ec650184443a45908d89eac4184ce5a9",
                    "originalPropertyKey": "text",
                    "propertyIndex": 6,
                    "propertyKey": "dismissText",
                    "pw": {
                        "access": "readwrite",
                        "category": "look",
                        "displayName": "Dismiss text",
                        "srcWidget": "lblDismiss",
                        "type": "string",
                        "uiRepresentation": "Label-Textbox",
                        "wType": "Label"
                    },
                    "srcWgtKUID": "u020a8d009ee4fb49dde4778b6ec6820"
                },
                {
                    "access": "Enable",
                    "group": "Rating Screen",
                    "kuid": "febaab20dfcc40c0bfc7a608ce4b94df",
                    "originalPropertyKey": "text",
                    "propertyIndex": 7,
                    "propertyKey": "submitText",
                    "pw": {
                        "access": "readwrite",
                        "category": "look",
                        "displayName": "Submit Text",
                        "srcWidget": "lblSubmit",
                        "type": "string",
                        "uiRepresentation": "Label-Textbox",
                        "wType": "Label"
                    },
                    "srcWgtKUID": "ue8aefb3b12744d79d89f375a009eebb"
                }
            ]
        },
        "widgets": {
            "expose": [],
            "passthrough": []
        }
    },
    "namespace": "com.konymp",
    "version": "1.0.0"
}