{
    "AS_FlexContainer_ca5b9e4d3baf40aba92fb9124245ada3": {
        "id": "AS_FlexContainer_ca5b9e4d3baf40aba92fb9124245ada3",
        "type": "ACTION_SEQUENCE",
        "params": [{
            "datatype": "collection",
            "name": "eventobject"
        }],
        "contextObj": {
            "name": "uwu81b472381314b5e840f4c5951af4ec2",
            "type": "userwidgets",
            "KUID": "u81b472381314b5e840f4c5951af4ec2"
        },
        "language": "js",
        "actions": [{
            "id": "ADD_SNIPPET__d50c3c036702428a872c17e5d4dcd48e",
            "type": "ADD_SNIPPET",
            "codeSnippet": "this.setStarAnimDelay(0,5);",
            "parentId": null,
            "callbackType": null
        }]
    }
}