{
    "AS_FlexContainer_f6d89cfd9807479f9104d7c4395db9d3": {
        "id": "AS_FlexContainer_f6d89cfd9807479f9104d7c4395db9d3",
        "type": "ACTION_SEQUENCE",
        "params": [{
            "datatype": "collection",
            "name": "eventobject"
        }],
        "contextObj": {
            "name": "uwu81b472381314b5e840f4c5951af4ec2",
            "type": "userwidgets",
            "KUID": "u81b472381314b5e840f4c5951af4ec2"
        },
        "language": "js",
        "actions": [{
            "id": "ADD_SNIPPET__f8d62c4d8e304406b4bd6f3a99be9413",
            "type": "ADD_SNIPPET",
            "codeSnippet": "this.setStarAnimDelay(0,4);",
            "parentId": null,
            "callbackType": null
        }]
    }
}