{
    "AS_FlexContainer_092c6f66f5404c719cd3567ce28daba1": {
        "id": "AS_FlexContainer_092c6f66f5404c719cd3567ce28daba1",
        "type": "ACTION_SEQUENCE",
        "params": [{
            "datatype": "collection",
            "name": "eventobject"
        }],
        "contextObj": {
            "name": "uwu81b472381314b5e840f4c5951af4ec2",
            "type": "userwidgets",
            "KUID": "u81b472381314b5e840f4c5951af4ec2"
        },
        "language": "js",
        "actions": [{
            "id": "ADD_SNIPPET__e6bdf9111deb43cdaccd26c7bfb70345",
            "type": "ADD_SNIPPET",
            "codeSnippet": "this.setStarAnimDelay(0,1);",
            "parentId": null,
            "callbackType": null
        }]
    }
}