{
    "AS_FlexContainer_68855b4468cb4cb1baee31cfadf9fe9f": {
        "id": "AS_FlexContainer_68855b4468cb4cb1baee31cfadf9fe9f",
        "type": "ACTION_SEQUENCE",
        "params": [{
            "datatype": "collection",
            "name": "eventobject"
        }],
        "contextObj": {
            "name": "uwu81b472381314b5e840f4c5951af4ec2",
            "type": "userwidgets",
            "KUID": "u81b472381314b5e840f4c5951af4ec2"
        },
        "language": "js",
        "actions": [{
            "id": "ADD_SNIPPET__jea01798416d4835987cfd91c1e3c82d",
            "type": "ADD_SNIPPET",
            "codeSnippet": "this.setStarAnimDelay(0,3);",
            "parentId": null,
            "callbackType": null
        }]
    }
}